first_name,last_name,email
Fania,Pim,fpim0@clickbank.net
Freeland,Baford,fbaford1@sohu.com
Keelia,Vizard,kvizard2@yandex.ru
Mandi,Finney,mfinney3@com.com
Cornelia,Arangy,carangy4@state.tx.us
Lynnet,Ebbin,lebbin5@ucsd.edu
Venus,Lowensohn,vlowensohn6@stanford.edu
Toby,Lissandri,tlissandri7@xinhuanet.com
Johannes,Scottrell,jscottrell8@nytimes.com
Bond,Brim,bbrim9@prnewswire.com
Cece,Critten,ccrittena@symantec.com
Wallace,Roskams,wroskamsb@tiny.cc
Grissel,Kilalea,gkilaleac@cafepress.com
Jannelle,Czajkowski,jczajkowskid@about.me
Ritchie,Benediktovich,rbenediktoviche@kickstarter.com
Quill,Kenneway,qkennewayf@dedecms.com
Burton,Tieman,btiemang@bloglines.com
Flin,Dongate,fdongateh@paypal.com
Marjorie,Spurrett,mspurretti@amazon.com
Baillie,Dobrowolny,bdobrowolnyj@mozilla.com
Addie,Grosvener,agrosvenerk@ibm.com
Daniel,Gover,dgoverl@hibu.com
Sonya,Otridge,sotridgem@quantcast.com
Karlene,Gudd,kguddn@ifeng.com
Salim,Elvidge,selvidgeo@squarespace.com
Gleda,Scyone,gscyonep@intel.com
Rhonda,Lelande,rlelandeq@shutterfly.com
Evaleen,Kearey,ekeareyr@soundcloud.com
Arv,Pirri,apirris@adobe.com
Samuele,Vasse,svasset@squarespace.com
Garfield,Freezor,gfreezoru@google.es
Kristos,Dirand,kdirandv@cnn.com
Dominica,O'Crevy,docrevyw@t-online.de
Patrizius,Drogan,pdroganx@usa.gov
Claudian,Dreng,cdrengy@mapquest.com
Conn,Halms,chalmsz@wix.com
Zaneta,Hastin,zhastin10@pinterest.com
Rozele,Luff,rluff11@miitbeian.gov.cn
Nico,Pook,npook12@free.fr
Marja,Mandry,mmandry13@google.it
Clementine,Billyeald,cbillyeald14@miibeian.gov.cn
Clarette,Coppins,ccoppins15@ted.com
Estella,Hun,ehun16@posterous.com
Mel,Whysall,mwhysall17@people.com.cn
Vladamir,Binns,vbinns18@newsvine.com
Darcy,Syrett,dsyrett19@rediff.com
Netty,Dincey,ndincey1a@google.com.au
Agnella,Mulder,amulder1b@wordpress.org
Cindy,Powis,cpowis1c@storify.com
Coretta,Ruprechter,cruprechter1d@chron.com
Robinetta,Hanalan,rhanalan1e@fema.gov
Carolina,Gooble,cgooble1f@guardian.co.uk
Bethena,Hutfield,bhutfield1g@weather.com
Adrienne,Arnault,aarnault1h@cafepress.com
Dehlia,Giffin,dgiffin1i@ezinearticles.com
Joe,Beedell,jbeedell1j@bizjournals.com
Lydie,Jarratt,ljarratt1k@sakura.ne.jp
Orsola,Mullaney,omullaney1l@unblog.fr
Robinet,Midgley,rmidgley1m@blogs.com
Anna-maria,Hiscoe,ahiscoe1n@nytimes.com
Matthieu,Dametti,mdametti1o@bloomberg.com
Maribelle,Senecaut,msenecaut1p@1und1.de
Di,Shellum,dshellum1q@vkontakte.ru
Tatiana,Shortt,tshortt1r@google.nl
Fionnula,Velti,fvelti1s@pen.io
Queenie,Dickson,qdickson1t@wsj.com
Lillis,Wyley,lwyley1u@usa.gov
Violette,Sebastian,vsebastian1v@purevolume.com
Felicdad,Gouge,fgouge1w@cdc.gov
Vergil,Uff,vuff1x@google.fr
Lenee,Kinder,lkinder1y@linkedin.com
Brenden,Heake,bheake1z@github.io
Edgar,Paule,epaule20@freewebs.com
Nadine,Fend,nfend21@squarespace.com
Elvis,Beranek,eberanek22@smugmug.com
Sarette,Simester,ssimester23@nationalgeographic.com
Robinet,McDonnell,rmcdonnell24@cdc.gov
Donn,Soppeth,dsoppeth25@washington.edu
Hobie,Stockings,hstockings26@pagesperso-orange.fr
Clarita,Brason,cbrason27@bizjournals.com
Winny,Scholey,wscholey28@desdev.cn
Gussi,Marco,gmarco29@taobao.com
Flemming,Rolls,frolls2a@mac.com
Joeann,Frapwell,jfrapwell2b@phoca.cz
Gwendolin,Repp,grepp2c@engadget.com
Annalee,Dilrew,adilrew2d@java.com
Karil,Hyde-Chambers,khydechambers2e@weather.com
Charline,Linay,clinay2f@yellowpages.com
Linnie,Peachman,lpeachman2g@theatlantic.com
Ruth,Yewdall,ryewdall2h@eepurl.com
Allyn,Pryell,apryell2i@ebay.com
Dorothee,Coad,dcoad2j@taobao.com
Denis,Edgeon,dedgeon2k@soundcloud.com
Pasquale,MacKilroe,pmackilroe2l@narod.ru
Fernando,Yuryaev,fyuryaev2m@wunderground.com
Kliment,Shoutt,kshoutt2n@mozilla.com
Isaak,Newis,inewis2o@studiopress.com
Catarina,Bolmann,cbolmann2p@cbslocal.com
Karalynn,Baynam,kbaynam2q@sciencedaily.com
Job,Normanton,jnormanton2r@dailymotion.com
